Temp./Â°C;C1_S3;C1_S5;C2_S3;C2_S5;C3_S3;C3_S5;C4_S3;C4_S5;C5_S3;C5_S5;C6_S3;C6_S5;C7_S3;C7_S5;C8_S3;C8_S5;C9_S3;C9_S5;C10_S3;C10_S5
-27.65517;     -0.28629;      0.29632;     -0.26812;0.27996;     -0.25642;0.29215;     -0.23187;0.28915;     -0.24346;0.28984;     -0.27643;0.30067;     -0.26561;0.28233;     -0.29654;0.30878;     -0.31436;0.31452;     -0.29660;0.30051
-26.65517;     -0.28742;      0.29556;     -0.26919;0.27943;     -0.27181;0.2901;     -0.24743;0.28576;     -0.26007;0.28847;     -0.29789;0.29963;     -0.26513;0.28116;     -0.30165;0.30859;     -0.31737;0.31461;     -0.29747;0.30048
-25.65517;     -0.28762;      0.29407;     -0.26998;0.27876;     -0.28293;0.28855;     -0.26008;0.28113;     -0.27370;0.28732;     -0.30378;0.29895;     -0.26280;0.28004;     -0.30235;0.30855;     -0.31748;0.3149;     -0.29811;0.30045
-24.65517;     -0.28922;      0.29382;     -0.27078;0.27855;     -0.28939;0.28784;     -0.26819;0.27672;     -0.28239;0.28663;     -0.29919;0.29876;     -0.26436;0.27953;     -0.30312;0.30881;     -0.31861;0.31546;     -0.29897;0.30092
-23.65517;     -0.28983;      0.29302;     -0.27162;0.27881;     -0.29127;0.2879;     -0.27048;0.27238;     -0.28534;0.28655;     -0.29992;0.29921;     -0.26572;0.27936;     -0.30380;0.30936;     -0.31938;0.31627;     -0.29999;0.30178
-22.65517;     -0.29090;      0.29377;     -0.27259;0.27916;     -0.29209;0.2887;     -0.27039;0.27037;     -0.28609;0.28703;     -0.30099;0.29981;     -0.26640;0.27974;     -0.30467;0.31013;     -0.32029;0.3173;     -0.30073;0.30272
-21.65517;     -0.29203;      0.29439;     -0.27348;0.27979;     -0.29285;0.28986;     -0.27090;0.27007;     -0.28666;0.28792;     -0.30172;0.30096;     -0.26755;0.28047;     -0.30565;0.31109;     -0.32127;0.31844;     -0.30181;0.30385
-20.65517;     -0.29285;      0.29573;     -0.27450;0.28056;     -0.29371;0.29126;     -0.27162;0.27095;     -0.28745;0.28906;     -0.30262;0.30247;     -0.26867;0.28142;     -0.30658;0.31223;     -0.32224;0.31975;     -0.30300;0.30507
-19.65517;     -0.29417;      0.29729;     -0.27543;0.28146;     -0.29460;0.29278;     -0.27229;0.27233;     -0.28828;0.29034;     -0.30358;0.30401;     -0.26972;0.28254;     -0.30767;0.31336;     -0.32338;0.32107;     -0.30451;0.3064
-18.65517;     -0.29477;      0.29907;     -0.27637;0.28234;     -0.29564;0.29411;     -0.27308;0.27439;     -0.28908;0.29161;     -0.30461;0.30579;     -0.27074;0.28356;     -0.30874;0.31453;     -0.32452;0.32237;     -0.30579;0.30775
-17.65517;     -0.29552;      0.30067;     -0.27722;0.28326;     -0.29665;0.29531;     -0.27387;0.27623;     -0.29000;0.29282;     -0.30558;0.30709;     -0.27174;0.28458;     -0.30992;0.31568;     -0.32574;0.32363;     -0.30727;0.3091
-16.65517;     -0.29696;      0.30197;     -0.27814;0.28415;     -0.29764;0.29633;     -0.27468;0.27788;     -0.29095;0.29399;     -0.30656;0.30836;     -0.27274;0.28555;     -0.31109;0.3167;     -0.32693;0.32485;     -0.30848;0.31042
-15.65517;     -0.29778;      0.30314;     -0.27912;0.28505;     -0.29853;0.2974;     -0.27558;0.27934;     -0.29190;0.29504;     -0.30758;0.3096;     -0.27391;0.28644;     -0.31244;0.3178;     -0.32813;0.32608;     -0.30969;0.31171
-14.65517;     -0.29833;      0.30394;     -0.28004;0.28594;     -0.29939;0.29836;     -0.27654;0.28047;     -0.29289;0.29602;     -0.30856;0.3107;     -0.27502;0.28735;     -0.31371;0.31886;     -0.32934;0.32733;     -0.31088;0.31303
-13.65517;     -0.29972;      0.30460;     -0.28107;0.28681;     -0.30019;0.29928;     -0.27747;0.28152;     -0.29378;0.29692;     -0.31001;0.31182;     -0.27635;0.28817;     -0.31508;0.31982;     -0.33051;0.32854;     -0.31199;0.31429
-12.65517;     -0.30070;      0.30570;     -0.28209;0.2877;     -0.30109;0.3002;     -0.27844;0.28232;     -0.29470;0.2978;     -0.31173;0.31297;     -0.27758;0.28904;     -0.31636;0.32091;     -0.33170;0.32977;     -0.31323;0.31557
-11.65517;     -0.30132;      0.30649;     -0.28315;0.28856;     -0.30201;0.30111;     -0.27931;0.28309;     -0.29560;0.29863;     -0.31270;0.31411;     -0.27893;0.28987;     -0.31753;0.32189;     -0.33282;0.33099;     -0.31440;0.31686
-10.65517;     -0.30266;      0.30725;     -0.28432;0.28941;     -0.30298;0.30198;     -0.28015;0.2838;     -0.29651;0.29949;     -0.31316;0.3153;     -0.28016;0.2907;     -0.31870;0.32284;     -0.33392;0.33217;     -0.31557;0.31807
-9.65517;     -0.30332;      0.30831;     -0.28537;0.29024;     -0.30390;0.3029;     -0.28104;0.28434;     -0.29746;0.30033;     -0.31350;0.31643;     -0.28127;0.29153;     -0.31974;0.3239;     -0.33503;0.33336;     -0.31655;0.31936
-8.65517;     -0.30472;      0.30940;     -0.28645;0.29107;     -0.30483;0.3039;     -0.28194;0.28503;     -0.29845;0.30124;     -0.31390;0.31762;     -0.28230;0.29239;     -0.32079;0.32489;     -0.33599;0.33453;     -0.31778;0.32063
-7.65517;     -0.30548;      0.31040;     -0.28744;0.29198;     -0.30571;0.30487;     -0.28288;0.28583;     -0.29944;0.30219;     -0.31493;0.31882;     -0.28334;0.29333;     -0.32173;0.32593;     -0.33703;0.33571;     -0.31877;0.32195
-6.65517;     -0.30648;      0.31160;     -0.28838;0.29291;     -0.30660;0.30597;     -0.28383;0.28669;     -0.30043;0.3032;     -0.31604;0.32008;     -0.28450;0.29432;     -0.32273;0.32718;     -0.33803;0.33692;     -0.31974;0.32329
-5.65517;     -0.30744;      0.31262;     -0.28929;0.29386;     -0.30753;0.30706;     -0.28470;0.28766;     -0.30136;0.30424;     -0.31716;0.32138;     -0.28575;0.29531;     -0.32383;0.32826;     -0.33907;0.33816;     -0.32076;0.3246
-4.65517;     -0.30819;      0.31359;     -0.29009;0.29476;     -0.30841;0.30812;     -0.28565;0.28866;     -0.30226;0.30531;     -0.31825;0.32265;     -0.28698;0.29635;     -0.32489;0.32939;     -0.34015;0.33941;     -0.32150;0.32585
-3.65517;     -0.30896;      0.31461;     -0.29092;0.29562;     -0.30930;0.30912;     -0.28654;0.28961;     -0.30315;0.30622;     -0.31930;0.3238;     -0.28827;0.29728;     -0.32613;0.33047;     -0.34128;0.34061;     -0.32264;0.32705
-2.65517;     -0.31005;      0.31568;     -0.29177;0.29629;     -0.31013;0.3099;     -0.28741;0.29054;     -0.30401;0.30696;     -0.32026;0.32477;     -0.28936;0.29803;     -0.32754;0.33123;     -0.34245;0.34161;     -0.32381;0.32812
-1.65517;     -0.31030;      0.31649;     -0.29263;0.2968;     -0.31090;0.31055;     -0.28829;0.29125;     -0.30486;0.30753;     -0.32127;0.32555;     -0.29048;0.29866;     -0.32925;0.3319;     -0.34363;0.3425;     -0.32496;0.32902
-0.65517;     -0.31210;      0.31785;     -0.29358;0.29721;     -0.31171;0.31108;     -0.28909;0.29176;     -0.30575;0.30801;     -0.32234;0.32629;     -0.29169;0.29906;     -0.33054;0.33249;     -0.34470;0.34328;     -0.32603;0.32988
0.34483;     -0.31232;      0.31769;     -0.29459;0.29756;     -0.31253;0.31156;     -0.28993;0.29216;     -0.30652;0.30846;     -0.32339;0.32693;     -0.29291;0.2995;     -0.33123;0.33299;     -0.34573;0.34398;     -0.32702;0.33058
1.34483;     -0.31346;      0.31785;     -0.29555;0.29794;     -0.31337;0.31212;     -0.29070;0.29258;     -0.30736;0.30898;     -0.32439;0.32767;     -0.29468;0.29997;     -0.33004;0.33359;     -0.34675;0.34472;     -0.32781;0.33125
2.34483;     -0.31415;      0.31816;     -0.29646;0.29843;     -0.31423;0.31272;     -0.29150;0.2931;     -0.30817;0.30955;     -0.32535;0.32845;     -0.29596;0.30047;     -0.32180;0.33423;     -0.34772;0.34549;     -0.32891;0.33195
3.34483;     -0.31592;      0.31853;     -0.29738;0.29893;     -0.31503;0.31334;     -0.29231;0.29358;     -0.30901;0.31011;     -0.32636;0.32923;     -0.29679;0.30105;     -0.32203;0.33492;     -0.34880;0.34628;     -0.33004;0.33262
4.34483;     -0.31614;      0.31913;     -0.29827;0.29944;     -0.31588;0.31397;     -0.29309;0.29408;     -0.30988;0.3107;     -0.32736;0.33006;     -0.29761;0.30154;     -0.33396;0.33565;     -0.34996;0.34709;     -0.33127;0.33336
5.34483;     -0.31705;      0.31979;     -0.29915;0.29997;     -0.31674;0.31466;     -0.29392;0.29461;     -0.31074;0.31136;     -0.32832;0.3309;     -0.29792;0.30212;     -0.33514;0.33639;     -0.35104;0.34802;     -0.33253;0.33417
6.34483;     -0.31754;      0.32030;     -0.29995;0.30049;     -0.31756;0.31529;     -0.29477;0.29515;     -0.31160;0.31203;     -0.32942;0.33177;     -0.29904;0.3027;     -0.33608;0.3372;     -0.35219;0.34897;     -0.33369;0.33497
7.34483;     -0.31872;      0.32102;     -0.30082;0.30106;     -0.31839;0.31597;     -0.29568;0.29572;     -0.31256;0.31272;     -0.33056;0.33264;     -0.30024;0.30328;     -0.33712;0.33798;     -0.35318;0.34992;     -0.33480;0.33579
8.34483;     -0.31960;      0.32183;     -0.30168;0.3016;     -0.31924;0.31667;     -0.29653;0.29631;     -0.31341;0.3134;     -0.33172;0.33352;     -0.30136;0.30394;     -0.33812;0.33879;     -0.35432;0.35091;     -0.33591;0.3366
9.34483;     -0.32044;      0.32256;     -0.30263;0.30223;     -0.32011;0.31736;     -0.29738;0.29689;     -0.31435;0.31404;     -0.33285;0.33439;     -0.30259;0.30455;     -0.33928;0.33965;     -0.35546;0.35184;     -0.33709;0.33742
10.34483;     -0.32151;      0.32353;     -0.30352;0.30286;     -0.32097;0.31808;     -0.29830;0.29749;     -0.31527;0.31469;     -0.33401;0.33529;     -0.30385;0.30521;     -0.34046;0.34048;     -0.35661;0.35273;     -0.33831;0.33832
11.34483;     -0.32234;      0.32448;     -0.30448;0.30351;     -0.32187;0.31875;     -0.29919;0.29803;     -0.31620;0.31534;     -0.33514;0.33622;     -0.30506;0.30591;     -0.34162;0.34133;     -0.35770;0.35366;     -0.33947;0.33922
12.34483;     -0.32298;      0.32535;     -0.30535;0.30421;     -0.32272;0.31946;     -0.30020;0.29862;     -0.31716;0.31596;     -0.33624;0.33717;     -0.30635;0.30655;     -0.34277;0.3422;     -0.35883;0.35464;     -0.34073;0.34016
13.34483;     -0.32437;      0.32558;     -0.30648;0.30489;     -0.32360;0.32018;     -0.30111;0.29927;     -0.31818;0.31668;     -0.33743;0.33816;     -0.30775;0.3073;     -0.34409;0.34297;     -0.35994;0.35564;     -0.34208;0.34107
14.34483;     -0.32465;      0.32633;     -0.30755;0.30561;     -0.32459;0.32091;     -0.30195;0.29994;     -0.31925;0.31737;     -0.33860;0.33914;     -0.30924;0.30801;     -0.34526;0.34383;     -0.36123;0.35666;     -0.34370;0.34203
15.34483;     -0.32572;      0.32657;     -0.30849;0.3063;     -0.32539;0.32168;     -0.30308;0.30065;     -0.32023;0.31806;     -0.33987;0.3401;     -0.31021;0.30875;     -0.34692;0.3447;     -0.36246;0.35771;     -0.34486;0.343
16.34483;     -0.32636;      0.32738;     -0.30943;0.30697;     -0.32629;0.32241;     -0.30409;0.30129;     -0.32116;0.31882;     -0.34141;0.34109;     -0.31192;0.30951;     -0.34800;0.34558;     -0.36356;0.35874;     -0.34691;0.34403
17.34483;     -0.32717;      0.32833;     -0.31018;0.30765;     -0.32703;0.32313;     -0.30491;0.30196;     -0.32190;0.31951;     -0.34208;0.34207;     -0.31351;0.31026;     -0.34931;0.34652;     -0.36507;0.35977;     -0.34779;0.34504
18.34483;     -0.32892;      0.32898;     -0.31141;0.30835;     -0.32817;0.32387;     -0.30638;0.30261;     -0.32295;0.32022;     -0.34352;0.34307;     -0.31556;0.31106;     -0.35041;0.34742;     -0.36661;0.36084;     -0.34898;0.34603
19.34483;     -0.33014;      0.32985;     -0.31237;0.30908;     -0.32937;0.32464;     -0.30750;0.30327;     -0.32421;0.32099;     -0.34466;0.34407;     -0.31684;0.31187;     -0.35205;0.34838;     -0.36826;0.36187;     -0.35054;0.34704
20.34483;     -0.33143;      0.33067;     -0.31350;0.30982;     -0.33088;0.32542;     -0.30901;0.30397;     -0.32551;0.32176;     -0.34712;0.34505;     -0.32011;0.31272;     -0.35322;0.34931;     -0.37019;0.36298;     -0.35311;0.34805
21.34483;     -0.33330;      0.33156;     -0.31535;0.31059;     -0.33282;0.32622;     -0.31117;0.30467;     -0.32741;0.32252;     -0.34905;0.34607;     -0.32287;0.31354;     -0.35626;0.35026;     -0.37210;0.36405;     -0.35586;0.34914
22.34483;     -0.33586;      0.33209;     -0.31723;0.31131;     -0.33484;0.32703;     -0.31433;0.30536;     -0.32970;0.32328;     -0.35260;0.34709;     -0.32834;0.31436;     -0.35980;0.35127;     -0.37547;0.36516;     -0.35987;0.3502
23.34483;     -0.33932;      0.33298;     -0.32061;0.31204;     -0.33831;0.32782;     -0.31842;0.30613;     -0.33329;0.32406;     -0.35796;0.3481;     -0.33467;0.31522;     -0.36475;0.35223;     -0.38044;0.3663;     -0.36555;0.35132
24.34483;     -0.34549;      0.33365;     -0.32600;0.31281;     -0.34429;0.32862;     -0.32539;0.30686;     -0.33936;0.32482;     -0.36760;0.34916;     -0.34602;0.31606;     -0.37288;0.35325;     -0.38998;0.36738;     -0.37587;0.35245
25.34483;     -0.35533;      0.33279;     -0.33556;0.31357;     -0.35383;0.32943;     -0.33565;0.30767;     -0.34997;0.32562;     -0.38329;0.35023;     -0.36365;0.31695;     -0.38822;0.35427;     -0.40497;0.36854;     -0.39064;0.35357
26.34483;     -0.37137;      0.33548;     -0.35188;0.31436;     -0.36852;0.33024;     -0.35064;0.30843;     -0.36724;0.32647;     -0.40820;0.35128;     -0.38835;0.31783;     -0.41089;0.35527;     -0.42909;0.36966;     -0.41393;0.35474
27.34483;     -0.39088;      0.33610;     -0.37375;0.31513;     -0.38710;0.33107;     -0.36815;0.30922;     -0.38926;0.32726;     -0.44029;0.35241;     -0.41504;0.31872;     -0.44129;0.35629;     -0.46004;0.37082;     -0.44356;0.35586
28.34483;     -0.40903;      0.33682;     -0.39497;0.31589;     -0.40534;0.33191;     -0.38295;0.31002;     -0.40896;0.3281;     -0.46979;0.35355;     -0.43670;0.31964;     -0.47115;0.35732;     -0.49138;0.372;     -0.47312;0.35703
29.34483;     -0.41573;      0.33768;     -0.40501;0.31668;     -0.41543;0.33275;     -0.38862;0.31075;     -0.41698;0.32893;     -0.48712;0.35468;     -0.44601;0.3206;     -0.49089;0.35838;     -0.51412;0.37317;     -0.49189;0.35822
30.34483;     -0.40770;      0.33827;     -0.39936;0.31748;     -0.41165;0.33361;     -0.38133;0.31157;     -0.40971;0.32976;     -0.48594;0.35588;     -0.44050;0.32156;     -0.49363;0.3594;     -0.52081;0.37439;     -0.49614;0.35938
31.34483;     -0.38960;      0.33931;     -0.38061;0.31831;     -0.39525;0.3345;     -0.36368;0.31238;     -0.38984;0.33063;     -0.46586;0.35707;     -0.41659;0.32258;     -0.47736;0.36052;     -0.50620;0.37565;     -0.47974;0.36064
32.34483;     -0.36769;      0.34008;     -0.35751;0.31913;     -0.37396;0.33537;     -0.34386;0.31318;     -0.36693;0.33145;     -0.42979;0.35828;     -0.38235;0.32359;     -0.44364;0.36165;     -0.46995;0.37692;     -0.44544;0.36188
33.34483;     -0.35187;      0.34078;     -0.33922;0.31998;     -0.35616;0.33627;     -0.32895;0.31402;     -0.34970;0.33232;     -0.39423;0.35947;     -0.35387;0.3246;     -0.40777;0.36271;     -0.42932;0.37822;     -0.40633;0.36312
34.34483;     -0.34314;      0.34154;     -0.32901;0.32081;     -0.34566;0.33718;     -0.32141;0.31482;     -0.33984;0.33318;     -0.37205;0.36066;     -0.33729;0.32563;     -0.38315;0.36388;     -0.40109;0.37953;     -0.38095;0.36443
35.34483;     -0.34095;      0.34277;     -0.32508;0.32167;     -0.34143;0.33806;     -0.31828;0.31562;     -0.33609;0.33404;     -0.36087;0.3619;     -0.33150;0.32668;     -0.37098;0.36503;     -0.38753;0.38084;     -0.36864;0.3657
36.34483;     -0.34046;      0.34354;     -0.32392;0.32256;     -0.34025;0.33896;     -0.31784;0.31647;     -0.33545;0.33495;     -0.35783;0.36314;     -0.33011;0.32777;     -0.36695;0.36625;     -0.38241;0.3822;     -0.36479;0.36701
37.34483;     -0.34028;      0.34461;     -0.32422;0.32344;     -0.34030;0.3399;     -0.31811;0.31735;     -0.33562;0.33585;     -0.35695;0.36446;     -0.33045;0.32888;     -0.36609;0.36755;     -0.38164;0.38358;     -0.36371;0.36838
38.34483;     -0.34132;      0.34540;     -0.32483;0.32434;     -0.34077;0.34079;     -0.31853;0.31821;     -0.33607;0.33679;     -0.35739;0.36585;     -0.33102;0.33002;     -0.36643;0.36888;     -0.38168;0.38504;     -0.36439;0.36978
39.34483;     -0.34227;      0.34629;     -0.32538;0.32523;     -0.34120;0.34175;     -0.31895;0.31912;     -0.33648;0.33776;     -0.35835;0.36729;     -0.33192;0.33121;     -0.36728;0.37024;     -0.38258;0.38653;     -0.36510;0.37124
40.34483;     -0.34345;      0.34738;     -0.32601;0.32613;     -0.34171;0.34274;     -0.31948;0.31998;     -0.33700;0.33877;     -0.35907;0.36877;     -0.33294;0.33243;     -0.36804;0.37169;     -0.38337;0.38809;     -0.36592;0.37281
41.34483;     -0.34443;      0.34816;     -0.32668;0.32712;     -0.34239;0.34378;     -0.32012;0.32087;     -0.33776;0.33987;     -0.36013;0.37036;     -0.33402;0.33376;     -0.36889;0.37321;     -0.38421;0.38974;     -0.36685;0.37444
42.34483;     -0.34515;      0.34973;     -0.32738;0.32814;     -0.34309;0.34497;     -0.32080;0.32177;     -0.33848;0.34109;     -0.36126;0.37206;     -0.33514;0.33521;     -0.36985;0.37481;     -0.38526;0.39148;     -0.36789;0.37617
43.34483;     -0.34557;      0.35047;     -0.32830;0.32926;     -0.34383;0.34625;     -0.32154;0.32287;     -0.33932;0.34241;     -0.36330;0.37393;     -0.33625;0.33676;     -0.37096;0.37652;     -0.38638;0.3934;     -0.36896;0.37797
44.34483;     -0.34634;      0.35199;     -0.32913;0.3306;     -0.34457;0.34771;     -0.32234;0.32408;     -0.34015;0.34391;     -0.36376;0.37594;     -0.33744;0.33848;     -0.37206;0.37831;     -0.38757;0.3957;     -0.37010;0.37986
45.34483;     -0.34632;      0.35341;     -0.33005;0.33197;     -0.34531;0.34926;     -0.32314;0.32535;     -0.34092;0.34563;     -0.36412;0.37809;     -0.33876;0.34024;     -0.37327;0.38035;     -0.38876;0.39789;     -0.37130;0.38219
46.34483;     -0.34697;      0.35511;     -0.33081;0.33365;     -0.34607;0.35091;     -0.32392;0.32702;     -0.34177;0.34763;     -0.36350;0.38059;     -0.34007;0.34215;     -0.37454;0.38273;     -0.38998;0.40062;     -0.37256;0.38472
47.34483;     -0.34803;      0.35667;     -0.33163;0.3357;     -0.34686;0.35278;     -0.32478;0.32844;     -0.34257;0.3501;     -0.36446;0.38364;     -0.34139;0.34442;     -0.37590;0.38574;     -0.39117;0.40374;     -0.37395;0.3877
48.34483;     -0.34903;      0.35877;     -0.33248;0.33788;     -0.34769;0.35508;     -0.32556;0.33041;     -0.34343;0.35338;     -0.36550;0.38755;     -0.34278;0.34717;     -0.37722;0.3893;     -0.39252;0.40752;     -0.37536;0.39126
49.34483;     -0.35058;      0.36147;     -0.33357;0.34077;     -0.34860;0.3581;     -0.32637;0.33288;     -0.34432;0.35801;     -0.36671;0.3926;     -0.34424;0.35075;     -0.37857;0.39377;     -0.39387;0.41241;     -0.37690;0.39565
50.34483;     -0.35128;      0.36509;     -0.33446;0.34452;     -0.34951;0.36239;     -0.32731;0.33589;     -0.34527;0.36632;     -0.36789;0.39988;     -0.34569;0.35555;     -0.37999;0.39997;     -0.39538;0.41895;     -0.37837;0.40163
51.34483;     -0.35190;      0.36997;     -0.33555;0.35029;     -0.35045;0.36929;     -0.32827;0.34045;     -0.34624;0.3814;     -0.36906;0.41201;     -0.34727;0.36244;     -0.38146;0.40893;     -0.39691;0.42848;     -0.37999;0.40999
52.34483;     -0.35310;      0.37791;     -0.33644;0.35983;     -0.35142;0.38235;     -0.32928;0.34639;     -0.34727;0.39645;     -0.37027;0.43618;     -0.34891;0.37352;     -0.38292;0.4233;     -0.39856;0.44366;     -0.38162;0.42386
53.34483;     -0.35407;      0.39343;     -0.33743;0.37971;     -0.35239;0.40711;     -0.33028;0.35659;     -0.34826;0.40422;     -0.37157;0.4795;     -0.35041;0.39442;     -0.38444;0.4566;     -0.40017;0.47658;     -0.38331;0.45211
54.34483;     -0.35526;      0.43324;     -0.33849;0.42539;     -0.35334;0.42758;     -0.33132;0.38942;     -0.34927;0.40362;     -0.37286;0.51288;     -0.35187;0.43996;     -0.38596;0.53336;     -0.40185;0.55411;     -0.38497;0.52286
55.34483;     -0.35648;      0.45709;     -0.33943;0.44209;     -0.35429;0.42289;     -0.33229;0.42642;     -0.35029;0.39281;     -0.37421;0.50166;     -0.35319;0.48088;     -0.38749;0.54847;     -0.40346;0.59084;     -0.38654;0.56672
56.34483;     -0.35777;      0.42422;     -0.34053;0.39726;     -0.35515;0.40189;     -0.33322;0.40783;     -0.35120;0.37992;     -0.37544;0.46517;     -0.35454;0.46657;     -0.38894;0.49598;     -0.40491;0.53241;     -0.38798;0.52047
57.34483;     -0.35827;      0.39078;     -0.34142;0.35705;     -0.35605;0.3822;     -0.33414;0.36867;     -0.35214;0.37138;     -0.37669;0.43287;     -0.35579;0.42132;     -0.39033;0.44065;     -0.40628;0.45754;     -0.38909;0.45311
58.34483;     -0.35862;      0.36964;     -0.34232;0.3406;     -0.35682;0.36958;     -0.33492;0.34299;     -0.35299;0.36559;     -0.37766;0.41122;     -0.35679;0.38455;     -0.39153;0.40259;     -0.40734;0.41436;     -0.39006;0.40841
59.34483;     -0.35952;      0.36193;     -0.34311;0.33628;     -0.35753;0.36218;     -0.33559;0.33463;     -0.35374;0.36097;     -0.37841;0.398;     -0.35754;0.36462;     -0.39235;0.3889;     -0.40810;0.40629;     -0.39072;0.39415
60.34483;     -0.35989;      0.35953;     -0.34365;0.33505;     -0.35808;0.35798;     -0.33616;0.33181;     -0.35432;0.35756;     -0.37894;0.38991;     -0.35803;0.35436;     -0.39288;0.38461;     -0.40859;0.40284;     -0.39115;0.39012
61.34483;     -0.36003;      0.35622;     -0.34413;0.33479;     -0.35853;0.3557;     -0.33658;0.33127;     -0.35475;0.35528;     -0.37929;0.38547;     -0.35835;0.34899;     -0.39320;0.38308;     -0.40875;0.40101;     -0.39136;0.38894
62.34483;     -0.35973;      0.35735;     -0.34447;0.33489;     -0.35887;0.35462;     -0.33698;0.33046;     -0.35507;0.35371;     -0.37950;0.3828;     -0.35859;0.34615;     -0.39328;0.38243;     -0.40877;0.4012;     -0.39136;0.38689
63.34483;     -0.35969;      0.35791;     -0.34474;0.33516;     -0.35913;0.35424;     -0.33727;0.33031;     -0.35535;0.3527;     -0.37972;0.3813;     -0.35882;0.34455;     -0.39332;0.38256;     -0.40869;0.40114;     -0.39130;0.38659
64.34483;     -0.36046;      0.35782;     -0.34501;0.33554;     -0.35935;0.35424;     -0.33761;0.33069;     -0.35570;0.35212;     -0.37986;0.38058;     -0.35925;0.34385;     -0.39346;0.38249;     -0.40872;0.4009;     -0.39136;0.38647
65.34483;     -0.36073;      0.35868;     -0.34528;0.33592;     -0.35961;0.35461;     -0.33800;0.33058;     -0.35614;0.35179;     -0.38021;0.38061;     -0.35984;0.34366;     -0.39377;0.38321;     -0.40896;0.40135;     -0.39158;0.3871
66.34483;     -0.36107;      0.35871;     -0.34576;0.33639;     -0.35996;0.35516;     -0.33841;0.33099;     -0.35661;0.35149;     -0.38075;0.38093;     -0.36058;0.34366;     -0.39438;0.38386;     -0.40940;0.40259;     -0.39202;0.3878
67.34483;     -0.36178;      0.35945;     -0.34626;0.33681;     -0.36037;0.35571;     -0.33891;0.33133;     -0.35711;0.35166;     -0.38145;0.3815;     -0.36154;0.34405;     -0.39516;0.38431;     -0.41008;0.40355;     -0.39275;0.38838
68.34483;     -0.36211;      0.36004;     -0.34684;0.33748;     -0.36090;0.35643;     -0.33945;0.33232;     -0.35765;0.35186;     -0.38221;0.38221;     -0.36245;0.34448;     -0.39600;0.38516;     -0.41091;0.40469;     -0.39361;0.38961
69.34483;     -0.36286;      0.36063;     -0.34748;0.33831;     -0.36152;0.35716;     -0.34007;0.33294;     -0.35819;0.35225;     -0.38284;0.38301;     -0.36338;0.34505;     -0.39685;0.38629;     -0.41169;0.4057;     -0.39446;0.39058
70.34483;     -0.36361;      0.36135;     -0.34822;0.33897;     -0.36219;0.35783;     -0.34076;0.33357;     -0.35883;0.35303;     -0.38366;0.3839;     -0.36437;0.34583;     -0.39771;0.38719;     -0.41245;0.40676;     -0.39528;0.39141
71.34483;     -0.36418;      0.36199;     -0.34896;0.33959;     -0.36289;0.35858;     -0.34155;0.33415;     -0.35954;0.35359;     -0.38453;0.38489;     -0.36536;0.34659;     -0.39854;0.38815;     -0.41324;0.40818;     -0.39608;0.39251
72.34483;     -0.36505;      0.36282;     -0.34974;0.34022;     -0.36365;0.35935;     -0.34244;0.33482;     -0.36034;0.35429;     -0.38552;0.38588;     -0.36655;0.34752;     -0.39957;0.38914;     -0.41428;0.40941;     -0.39712;0.39361
73.34483;     -0.36567;      0.36357;     -0.35059;0.34088;     -0.36445;0.36018;     -0.34335;0.33549;     -0.36127;0.35506;     -0.38659;0.3869;     -0.36789;0.34842;     -0.40073;0.39025;     -0.41550;0.41061;     -0.39843;0.39492
74.34483;     -0.36641;      0.36420;     -0.35132;0.34154;     -0.36529;0.361;     -0.34429;0.33624;     -0.36220;0.3558;     -0.38777;0.38796;     -0.36933;0.34929;     -0.40198;0.39135;     -0.41670;0.41181;     -0.39985;0.39615
75.34483;     -0.36747;      0.36520;     -0.35221;0.34232;     -0.36622;0.36182;     -0.34527;0.33699;     -0.36317;0.35658;     -0.38902;0.38905;     -0.37074;0.35028;     -0.40341;0.39245;     -0.41809;0.4131;     -0.40133;0.39745
76.34483;     -0.36851;      0.36566;     -0.35309;0.34308;     -0.36718;0.36271;     -0.34620;0.33777;     -0.36422;0.35736;     -0.39031;0.39015;     -0.37233;0.35128;     -0.40491;0.39359;     -0.41964;0.41443;     -0.40291;0.39872
77.34483;     -0.36874;      0.36637;     -0.35404;0.3439;     -0.36817;0.36359;     -0.34719;0.33857;     -0.36530;0.35814;     -0.39165;0.39126;     -0.37398;0.35232;     -0.40647;0.39473;     -0.42109;0.41583;     -0.40457;0.39995
78.34483;     -0.36994;      0.36748;     -0.35510;0.34475;     -0.36914;0.36448;     -0.34821;0.33936;     -0.36636;0.35896;     -0.39306;0.3924;     -0.37561;0.35337;     -0.40817;0.39592;     -0.42262;0.41722;     -0.40627;0.40113
79.34483;     -0.37068;      0.36844;     -0.35617;0.34557;     -0.37017;0.36541;     -0.34930;0.34017;     -0.36747;0.35981;     -0.39454;0.39354;     -0.37757;0.3544;     -0.40999;0.39712;     -0.42434;0.41867;     -0.40792;0.40251
80.34483;     -0.37194;      0.36938;     -0.35746;0.34642;     -0.37126;0.36632;     -0.35037;0.341;     -0.36818;0.36077;     -0.39626;0.39474;     -0.37980;0.35555;     -0.41183;0.39836;     -0.42618;0.42018;     -0.40968;0.40392
81.34483;     -0.37327;      0.36977;     -0.35860;0.34723;     -0.37241;0.36726;     -0.35147;0.34183;     -0.36937;0.36175;     -0.39771;0.39597;     -0.38151;0.35669;     -0.41371;0.39961;     -0.42794;0.42192;     -0.41153;0.40551
82.34483;     -0.37400;      0.37046;     -0.35975;0.34805;     -0.37360;0.3682;     -0.35269;0.34274;     -0.37127;0.36277;     -0.39939;0.39728;     -0.38367;0.35789;     -0.41550;0.40091;     -0.43027;0.42382;     -0.41387;0.40732
83.34483;     -0.37549;      0.37140;     -0.36117;0.34887;     -0.37486;0.36912;     -0.35403;0.34369;     -0.37264;0.36383;     -0.40108;0.39865;     -0.38612;0.35916;     -0.41750;0.40224;     -0.43277;0.42582;     -0.41628;0.40908
84.34483;     -0.37712;      0.37238;     -0.36265;0.34969;     -0.37623;0.37005;     -0.35542;0.34465;     -0.37410;0.36492;     -0.40338;0.40008;     -0.38873;0.36044;     -0.41975;0.40365;     -0.43518;0.42781;     -0.41880;0.41085
85.34483;     -0.37843;      0.37312;     -0.36406;0.35054;     -0.37749;0.37097;     -0.35707;0.34563;     -0.37546;0.36595;     -0.40519;0.40164;     -0.39135;0.36183;     -0.42280;0.40524;     -0.43762;0.42973;     -0.42166;0.41269
86.34483;     -0.38030;      0.37417;     -0.36547;0.35139;     -0.37911;0.37191;     -0.35870;0.34651;     -0.37718;0.36699;     -0.40783;0.40327;     -0.39486;0.36326;     -0.42524;0.40703;     -0.44094;0.43165;     -0.42502;0.41445
87.34483;     -0.38170;      0.37483;     -0.36741;0.35226;     -0.38085;0.37289;     -0.36066;0.34741;     -0.37885;0.36801;     -0.41040;0.40495;     -0.39887;0.36466;     -0.42860;0.40888;     -0.44424;0.4336;     -0.42896;0.41633
88.34483;     -0.38340;      0.37598;     -0.36946;0.3532;     -0.38259;0.3739;     -0.36281;0.34828;     -0.38102;0.3691;     -0.41354;0.40663;     -0.40290;0.36621;     -0.43232;0.41078;     -0.44811;0.43556;     -0.43313;0.41828
89.34483;     -0.38589;      0.37709;     -0.37183;0.35418;     -0.38474;0.37494;     -0.36563;0.3492;     -0.38304;0.37027;     -0.41755;0.40828;     -0.40810;0.3678;     -0.43687;0.41255;     -0.45316;0.43752;     -0.43885;0.42025
90.34483;     -0.38850;      0.37804;     -0.37417;0.35521;     -0.38763;0.376;     -0.36854;0.35018;     -0.38577;0.37146;     -0.42206;0.4099;     -0.41462;0.36944;     -0.44178;0.41422;     -0.45853;0.43944;     -0.44470;0.42228
91.34483;     -0.39198;      0.37903;     -0.37737;0.35632;     -0.39094;0.37708;     -0.37270;0.35122;     -0.38877;0.37265;     -0.42766;0.41157;     -0.42253;0.37116;     -0.44900;0.41596;     -0.46558;0.44132;     -0.45292;0.42428
92.34483;     -0.39616;      0.38029;     -0.38168;0.35745;     -0.39598;0.37822;     -0.37856;0.35235;     -0.39365;0.37383;     -0.43519;0.41329;     -0.43354;0.37285;     -0.45853;0.41769;     -0.47525;0.44325;     -0.46331;0.4263
93.34483;     -0.40292;      0.38120;     -0.38879;0.35867;     -0.40356;0.37947;     -0.38737;0.35365;     -0.40139;0.37503;     -0.44882;0.41507;     -0.45309;0.37459;     -0.47496;0.41953;     -0.49178;0.44523;     -0.48211;0.42839
94.34483;     -0.41647;      0.38258;     -0.40056;0.35992;     -0.41530;0.38087;     -0.39938;0.35512;     -0.41425;0.37635;     -0.47032;0.41695;     -0.48099;0.37644;     -0.49970;0.42142;     -0.51913;0.44728;     -0.51085;0.43054
95.34483;     -0.43377;      0.38406;     -0.41675;0.36123;     -0.43037;0.38235;     -0.41329;0.35647;     -0.43111;0.37778;     -0.49916;0.4189;     -0.51322;0.37838;     -0.53164;0.4234;     -0.55555;0.44942;     -0.54623;0.43276
96.34483;     -0.44643;      0.38499;     -0.43457;0.36259;     -0.44591;0.38395;     -0.42622;0.35775;     -0.44905;0.37929;     -0.52943;0.42096;     -0.54086;0.38049;     -0.56335;0.42546;     -0.59402;0.45162;     -0.58007;0.43506
97.34483;     -0.45446;      0.38618;     -0.44599;0.36399;     -0.45488;0.38559;     -0.43075;0.35905;     -0.46006;0.38088;     -0.54794;0.42317;     -0.54183;0.38267;     -0.58085;0.4276;     -0.61797;0.45403;     -0.59828;0.43759
98.34483;     -0.44239;      0.38734;     -0.43960;0.36551;     -0.44911;0.3873;     -0.42028;0.36055;     -0.45300;0.38257;     -0.53187;0.42545;     -0.49920;0.38493;     -0.56249;0.43001;     -0.59878;0.45677;     -0.57424;0.44042
99.34483;     -0.41819;      0.38910;     -0.41683;0.36721;     -0.42860;0.38911;     -0.39926;0.36219;     -0.42938;0.3844;     -0.48370;0.42788;     -0.43771;0.38732;     -0.50831;0.43287;     -0.53593;0.45994;     -0.51009;0.44338
100.34483;     -0.39663;      0.39090;     -0.39359;0.36904;     -0.40668;0.391;     -0.37953;0.36408;     -0.40512;0.38642;     -0.43625;0.43058;     -0.39592;0.38989;     -0.45460;0.43577;     -0.47172;0.46349;     -0.44814;0.44649
101.34483;     -0.38392;      0.39311;     -0.37814;0.37103;     -0.39119;0.39306;     -0.36617;0.36597;     -0.38893;0.38879;     -0.40846;0.43363;     -0.37887;0.39277;     -0.42255;0.43925;     -0.43453;0.46773;     -0.41435;0.4506
102.34483;     -0.37760;      0.39531;     -0.36946;0.373;     -0.38203;0.39539;     -0.35854;0.36775;     -0.37977;0.39164;     -0.39638;0.43732;     -0.37276;0.39592;     -0.40932;0.44288;     -0.41946;0.4719;     -0.40057;0.45501
103.34483;     -0.37426;      0.39776;     -0.36439;0.37577;     -0.37658;0.39816;     -0.35415;0.37028;     -0.37412;0.39526;     -0.39210;0.44186;     -0.37192;0.39986;     -0.40471;0.44749;     -0.41449;0.47721;     -0.39625;0.46026
104.34483;     -0.37271;      0.40089;     -0.36147;0.37911;     -0.37372;0.40176;     -0.35178;0.37287;     -0.37120;0.40025;     -0.39100;0.44785;     -0.37208;0.40483;     -0.40343;0.45352;     -0.41256;0.48414;     -0.39512;0.46666
105.34483;     -0.37247;      0.40479;     -0.36046;0.38361;     -0.37242;0.40661;     -0.35078;0.37647;     -0.36997;0.40706;     -0.39096;0.45598;     -0.37242;0.41142;     -0.40320;0.46149;     -0.41221;0.49328;     -0.39508;0.47534
106.34483;     -0.37254;      0.41032;     -0.36039;0.39012;     -0.37214;0.41337;     -0.35065;0.38159;     -0.36982;0.4152;     -0.39100;0.46744;     -0.37285;0.42058;     -0.40356;0.47226;     -0.41230;0.50584;     -0.39531;0.48718
107.34483;     -0.37294;      0.41788;     -0.36060;0.39938;     -0.37226;0.42291;     -0.35079;0.38887;     -0.36999;0.42222;     -0.39149;0.48349;     -0.37331;0.43388;     -0.40401;0.48874;     -0.41267;0.52415;     -0.39557;0.50427
108.34483;     -0.37301;      0.42917;     -0.36078;0.41233;     -0.37233;0.43341;     -0.35085;0.39973;     -0.37007;0.42502;     -0.39176;0.50061;     -0.37388;0.45293;     -0.40440;0.51207;     -0.41291;0.55074;     -0.39585;0.52925
109.34483;     -0.37350;      0.44213;     -0.36103;0.42529;     -0.37250;0.43914;     -0.35109;0.41308;     -0.37026;0.42176;     -0.39215;0.50911;     -0.37452;0.47403;     -0.40486;0.53569;     -0.41322;0.57867;     -0.39622;0.55779
110.34483;     -0.37386;      0.44569;     -0.36143;0.42586;     -0.37283;0.43474;     -0.35145;0.42041;     -0.37054;0.41353;     -0.39267;0.50025;     -0.37507;0.48403;     -0.40536;0.54012;     -0.41359;0.58441;     -0.39657;0.56801
111.34483;     -0.37434;      0.43448;     -0.36183;0.40994;     -0.37319;0.42152;     -0.35183;0.41244;     -0.37090;0.40346;     -0.39312;0.47739;     -0.37570;0.47187;     -0.40588;0.51612;     -0.41392;0.55441;     -0.39693;0.54543
112.34483;     -0.37450;      0.41419;     -0.36226;0.38561;     -0.37356;0.40628;     -0.35219;0.39143;     -0.37128;0.39436;     -0.39354;0.45257;     -0.37628;0.44048;     -0.40633;0.47327;     -0.41429;0.50086;     -0.39738;0.49688
113.34483;     -0.37484;      0.39637;     -0.36264;0.36778;     -0.37394;0.39429;     -0.35261;0.36999;     -0.37166;0.38744;     -0.39393;0.43367;     -0.37678;0.40794;     -0.40682;0.43531;     -0.41460;0.4578;     -0.39781;0.45033
114.34483;     -0.37521;      0.38702;     -0.36307;0.35956;     -0.37427;0.38629;     -0.35298;0.35732;     -0.37207;0.38217;     -0.39431;0.42086;     -0.37735;0.38577;     -0.40727;0.41518;     -0.41495;0.43813;     -0.39828;0.42608
115.34483;     -0.37539;      0.38262;     -0.36348;0.35593;     -0.37461;0.38116;     -0.35338;0.35188;     -0.37245;0.37803;     -0.39472;0.41219;     -0.37791;0.37242;     -0.40774;0.40635;     -0.41531;0.43005;     -0.39877;0.41615
116.34483;     -0.37640;      0.38044;     -0.36391;0.35426;     -0.37494;0.37798;     -0.35379;0.34919;     -0.37291;0.37491;     -0.39513;0.40653;     -0.37847;0.36442;     -0.40824;0.40202;     -0.41570;0.42624;     -0.39924;0.4108
117.34483;     -0.37657;      0.37929;     -0.36438;0.35334;     -0.37525;0.37611;     -0.35419;0.34738;     -0.37333;0.37261;     -0.39552;0.40296;     -0.37901;0.35941;     -0.40874;0.39946;     -0.41614;0.42369;     -0.39967;0.40719
118.34483;     -0.37730;      0.37915;     -0.36483;0.35297;     -0.37562;0.37502;     -0.35462;0.34634;     -0.37378;0.3708;     -0.39596;0.40073;     -0.37957;0.3561;     -0.40929;0.39809;     -0.41658;0.42221;     -0.40010;0.40505
119.34483;     -0.37757;      0.37897;     -0.36528;0.35281;     -0.37597;0.37448;     -0.35501;0.3459;     -0.37420;0.36947;     -0.39639;0.39943;     -0.38019;0.35411;     -0.40981;0.39727;     -0.41707;0.42158;     -0.40053;0.40399
120.34483;     -0.37791;      0.37962;     -0.36575;0.35284;     -0.37634;0.37424;     -0.35545;0.34544;     -0.37460;0.36869;     -0.39682;0.39867;     -0.38079;0.35282;     -0.41036;0.39681;     -0.41751;0.42116;     -0.40094;0.40336
121.34483;     -0.37867;      0.37954;     -0.36623;0.35298;     -0.37674;0.37416;     -0.35590;0.34533;     -0.37499;0.36819;     -0.39730;0.39837;     -0.38140;0.35213;     -0.41087;0.39667;     -0.41794;0.42114;     -0.40136;0.40277
122.34483;     -0.37877;      0.37996;     -0.36669;0.35322;     -0.37711;0.37428;     -0.35625;0.34537;     -0.37535;0.36804;     -0.39766;0.3985;     -0.38205;0.35171;     -0.41139;0.39688;     -0.41845;0.42139;     -0.40181;0.40256
123.34483;     -0.37943;      0.38014;     -0.36716;0.35333;     -0.37750;0.37448;     -0.35667;0.34526;     -0.37573;0.36812;     -0.39808;0.3987;     -0.38262;0.3514;     -0.41193;0.397;     -0.41892;0.42142;     -0.40223;0.40253
124.34483;     -0.37948;      0.38057;     -0.36764;0.35356;     -0.37784;0.37476;     -0.35709;0.34584;     -0.37611;0.36817;     -0.39853;0.39893;     -0.38325;0.35136;     -0.41246;0.39706;     -0.41943;0.42184;     -0.40272;0.40277
125.34483;     -0.37979;      0.38116;     -0.36810;0.35375;     -0.37821;0.37509;     -0.35750;0.34566;     -0.37653;0.36832;     -0.39897;0.39923;     -0.38384;0.35137;     -0.41298;0.39738;     -0.41995;0.42215;     -0.40319;0.40326
126.34483;     -0.38041;      0.38145;     -0.36849;0.35412;     -0.37857;0.37546;     -0.35793;0.34606;     -0.37690;0.36859;     -0.39946;0.3996;     -0.38445;0.35146;     -0.41349;0.39773;     -0.42034;0.42258;     -0.40364;0.40344
127.34483;     -0.38092;      0.38218;     -0.36893;0.35442;     -0.37892;0.37584;     -0.35839;0.34635;     -0.37731;0.3689;     -0.39989;0.39997;     -0.38508;0.35157;     -0.41397;0.39814;     -0.42079;0.42291;     -0.40415;0.40382
128.34483;     -0.38114;      0.38256;     -0.36930;0.35474;     -0.37933;0.3762;     -0.35884;0.34672;     -0.37772;0.36924;     -0.40033;0.4004;     -0.38565;0.35174;     -0.41448;0.39856;     -0.42121;0.42332;     -0.40456;0.40409
129.34483;     -0.38133;      0.38295;     -0.36970;0.3551;     -0.37972;0.37654;     -0.35927;0.34706;     -0.37815;0.36965;     -0.40077;0.40085;     -0.38630;0.35195;     -0.41498;0.39894;     -0.42163;0.42379;     -0.40498;0.40438
130.34483;     -0.38206;      0.38330;     -0.37013;0.35544;     -0.38013;0.37689;     -0.35972;0.34738;     -0.37864;0.37005;     -0.40120;0.40137;     -0.38689;0.35217;     -0.41550;0.39931;     -0.42206;0.42429;     -0.40544;0.4047
131.34483;     -0.38255;      0.38358;     -0.37059;0.35578;     -0.38055;0.37724;     -0.36017;0.34776;     -0.37910;0.37045;     -0.40166;0.40186;     -0.38744;0.35239;     -0.41604;0.39966;     -0.42247;0.42477;     -0.40584;0.40511
132.34483;     -0.38284;      0.38408;     -0.37104;0.35608;     -0.38100;0.37759;     -0.36061;0.3481;     -0.37958;0.37087;     -0.40211;0.40236;     -0.38806;0.35264;     -0.41655;0.40003;     -0.42287;0.4253;     -0.40628;0.40555
133.34483;     -0.38313;      0.38424;     -0.37149;0.35638;     -0.38144;0.37792;     -0.36106;0.34849;     -0.38000;0.37126;     -0.40258;0.40286;     -0.38864;0.35287;     -0.41705;0.40038;     -0.42327;0.42582;     -0.40678;0.40601
134.34483;     -0.38343;      0.38474;     -0.37200;0.35669;     -0.38187;0.37824;     -0.36150;0.34885;     -0.38046;0.37167;     -0.40309;0.40331;     -0.38923;0.35315;     -0.41758;0.40076;     -0.42365;0.42637;     -0.40724;0.40644
135.34483;     -0.38426;      0.38524;     -0.37246;0.35701;     -0.38227;0.37859;     -0.36193;0.34916;     -0.38091;0.37208;     -0.40359;0.4038;     -0.38986;0.35344;     -0.41808;0.40111;     -0.42407;0.42688;     -0.40772;0.40694
136.34483;     -0.38467;      0.38563;     -0.37296;0.35735;     -0.38263;0.37896;     -0.36236;0.3495;     -0.38135;0.37248;     -0.40411;0.40429;     -0.39047;0.35371;     -0.41859;0.40149;     -0.42442;0.42739;     -0.40821;0.40739
137.34483;     -0.38477;      0.38597;     -0.37342;0.35767;     -0.38299;0.3793;     -0.36276;0.34976;     -0.38183;0.3729;     -0.40466;0.40479;     -0.39111;0.35405;     -0.41916;0.40187;     -0.42482;0.42789;     -0.40868;0.40788
138.34483;     -0.38499;      0.38638;     -0.37388;0.35798;     -0.38334;0.37963;     -0.36322;0.35007;     -0.38228;0.3733;     -0.40522;0.40532;     -0.39170;0.35434;     -0.41971;0.40228;     -0.42521;0.42837;     -0.40913;0.40838
139.34483;     -0.38552;      0.38684;     -0.37436;0.35831;     -0.38375;0.37997;     -0.36363;0.35044;     -0.38280;0.37373;     -0.40579;0.40584;     -0.39234;0.35463;     -0.42029;0.40274;     -0.42566;0.4289;     -0.40961;0.4089
140.34483;     -0.38605;      0.38752;     -0.37485;0.35864;     -0.38411;0.38033;     -0.36405;0.3508;     -0.38328;0.37416;     -0.40637;0.40633;     -0.39302;0.35492;     -0.42086;0.40319;     -0.42614;0.42941;     -0.41001;0.40944
141.34483;     -0.38674;      0.38792;     -0.37534;0.35898;     -0.38452;0.38076;     -0.36450;0.35113;     -0.38380;0.37459;     -0.40690;0.40684;     -0.39364;0.35517;     -0.42137;0.40366;     -0.42662;0.42996;     -0.41044;0.40995
142.34483;     -0.38717;      0.38802;     -0.37583;0.35934;     -0.38494;0.38123;     -0.36492;0.35142;     -0.38430;0.37501;     -0.40744;0.40732;     -0.39426;0.35543;     -0.42195;0.40413;     -0.42711;0.43056;     -0.41086;0.41047
143.34483;     -0.38738;      0.38830;     -0.37630;0.35967;     -0.38531;0.38173;     -0.36539;0.35175;     -0.38478;0.37545;     -0.40796;0.4078;     -0.39489;0.35569;     -0.42251;0.40461;     -0.42754;0.43111;     -0.41125;0.41093
144.34483;     -0.38799;      0.38878;     -0.37676;0.35998;     -0.38571;0.38221;     -0.36589;0.35212;     -0.38534;0.37588;     -0.40842;0.4083;     -0.39550;0.35596;     -0.42310;0.40512;     -0.42800;0.4317;     -0.41172;0.41139
145.34483;     -0.38843;      0.38965;     -0.37727;0.3603;     -0.38613;0.38266;     -0.36645;0.35256;     -0.38583;0.37632;     -0.40888;0.4088;     -0.39616;0.35626;     -0.42371;0.40559;     -0.42845;0.43225;     -0.41219;0.41184
146.34483;     -0.38883;      0.39091;     -0.37778;0.36051;     -0.38656;0.38312;     -0.36699;0.35298;     -0.38637;0.37665;     -0.40937;0.40928;     -0.39683;0.35655;     -0.42426;0.40608;     -0.42890;0.4328;     -0.41268;0.41229
147.34483;     -0.38899;      0.39116;     -0.37829;0.36074;     -0.38699;0.38356;     -0.36753;0.35341;     -0.38694;0.37705;     -0.40980;0.40977;     -0.39749;0.35686;     -0.42479;0.40654;     -0.42937;0.43338;     -0.41317;0.41274
148.34483;     -0.38922;      0.39150;     -0.37881;0.36104;     -0.38750;0.38402;     -0.36809;0.35381;     -0.38750;0.37746;     -0.41028;0.41025;     -0.39821;0.35717;     -0.42535;0.40698;     -0.42985;0.43395;     -0.41371;0.41325
149.34483;     -0.38990;      0.38813;     -0.37931;0.36148;     -0.38803;0.38449;     -0.36862;0.35428;     -0.38812;0.37786;     -0.41079;0.41073;     -0.39887;0.35743;     -0.42591;0.40742;     -0.43033;0.43454;     -0.41422;0.41373
150.34483;     -0.39113;      0.39184;     -0.37988;0.36204;     -0.38856;0.38494;     -0.36915;0.35472;     -0.38874;0.37836;     -0.41131;0.41124;     -0.39962;0.35774;     -0.42650;0.40785;     -0.43080;0.43507;     -0.41478;0.41429
151.34483;     -0.39095;      0.39218;     -0.38049;0.36258;     -0.38918;0.3854;     -0.36971;0.35512;     -0.38944;0.37882;     -0.41186;0.41175;     -0.40033;0.35802;     -0.42710;0.4083;     -0.43127;0.43562;     -0.41535;0.41499
152.34483;     -0.39120;      0.39241;     -0.38110;0.36306;     -0.38975;0.38584;     -0.37030;0.35552;     -0.39020;0.37925;     -0.41242;0.41231;     -0.40107;0.35831;     -0.42773;0.40876;     -0.43172;0.43616;     -0.41587;0.41548
153.34483;     -0.39186;      0.39276;     -0.38177;0.36349;     -0.39035;0.38626;     -0.37090;0.35584;     -0.39096;0.37966;     -0.41301;0.41285;     -0.40190;0.35864;     -0.42839;0.40921;     -0.43218;0.43673;     -0.41642;0.41595
154.34483;     -0.39247;      0.39344;     -0.38243;0.36386;     -0.39092;0.38673;     -0.37158;0.35619;     -0.39176;0.38006;     -0.41360;0.4134;     -0.40269;0.35894;     -0.42903;0.40967;     -0.43269;0.43732;     -0.41694;0.42273
155.34483;     -0.39341;      0.39444;     -0.38312;0.3642;     -0.39150;0.38717;     -0.37226;0.35651;     -0.39256;0.38043;     -0.41416;0.41393;     -0.40361;0.35926;     -0.42968;0.41013;     -0.43319;0.4379;     -0.41746;0.42626
156.34483;     -0.39349;      0.39521;     -0.38381;0.36452;     -0.39209;0.38764;     -0.37302;0.35682;     -0.39339;0.38082;     -0.41476;0.41443;     -0.40444;0.35962;     -0.43036;0.41061;     -0.43373;0.43848;     -0.41801;0.42067
157.34483;     -0.39418;      0.39552;     -0.38452;0.3649;     -0.39271;0.38811;     -0.37378;0.35718;     -0.39422;0.38123;     -0.41535;0.41496;     -0.40537;0.35996;     -0.43105;0.41108;     -0.43431;0.43902;     -0.41858;0.42008
158.34483;     -0.39488;      0.39601;     -0.38525;0.36529;     -0.39335;0.38855;     -0.37456;0.35753;     -0.39509;0.38165;     -0.41601;0.41545;     -0.40633;0.36032;     -0.43176;0.41153;     -0.43490;0.43953;     -0.41923;0.42031
159.34483;     -0.39578;      0.39645;     -0.38602;0.36573;     -0.39402;0.38901;     -0.37540;0.35789;     -0.39594;0.38208;     -0.41668;0.41597;     -0.40737;0.36066;     -0.43246;0.412;     -0.43556;0.44005;     -0.41990;0.42059
160.34483;     -0.39617;      0.39703;     -0.38683;0.36615;     -0.39476;0.38947;     -0.37617;0.35826;     -0.39677;0.38251;     -0.41744;0.41645;     -0.40840;0.36099;     -0.43322;0.41245;     -0.43626;0.44057;     -0.42059;0.42109
161.34483;     -0.39644;      0.39746;     -0.38767;0.36656;     -0.39550;0.38994;     -0.37700;0.35861;     -0.39764;0.3829;     -0.41821;0.41691;     -0.40961;0.36134;     -0.43399;0.41295;     -0.43699;0.44111;     -0.42130;0.42157
162.34483;     -0.39732;      0.39767;     -0.38850;0.36696;     -0.39636;0.39046;     -0.37784;0.35901;     -0.39851;0.38331;     -0.41907;0.41738;     -0.41099;0.36167;     -0.43479;0.41346;     -0.43777;0.44165;     -0.42197;0.42201
163.34483;     -0.39862;      0.39818;     -0.38938;0.36737;     -0.39723;0.39098;     -0.37874;0.35941;     -0.39936;0.38376;     -0.41994;0.41786;     -0.41244;0.362;     -0.43567;0.41398;     -0.43855;0.4422;     -0.42275;0.42246
164.34483;     -0.39950;      0.39861;     -0.39027;0.36779;     -0.39812;0.3915;     -0.37972;0.35982;     -0.40025;0.38422;     -0.42093;0.41838;     -0.41404;0.36235;     -0.43663;0.41454;     -0.43940;0.4427;     -0.42353;0.42293
165.34483;     -0.40011;      0.39928;     -0.39116;0.36824;     -0.39902;0.39203;     -0.38067;0.36023;     -0.40107;0.38472;     -0.42198;0.41889;     -0.41597;0.3628;     -0.43773;0.41507;     -0.44040;0.44323;     -0.42439;0.42344
166.34483;     -0.40123;      0.39998;     -0.39209;0.36867;     -0.39993;0.39255;     -0.38167;0.3606;     -0.40187;0.38523;     -0.42308;0.41943;     -0.41798;0.36326;     -0.43902;0.4156;     -0.44143;0.44374;     -0.42536;0.42394
167.34483;     -0.40201;      0.40048;     -0.39302;0.36911;     -0.40082;0.39305;     -0.38265;0.36089;     -0.40260;0.38572;     -0.42438;0.41998;     -0.42024;0.36367;     -0.44053;0.4161;     -0.44265;0.44423;     -0.42636;0.42445
168.34483;     -0.40303;      0.40096;     -0.39395;0.36951;     -0.40167;0.39355;     -0.38362;0.36119;     -0.40324;0.38622;     -0.42578;0.4205;     -0.42312;0.36406;     -0.44209;0.41657;     -0.44397;0.44476;     -0.42737;0.42493
169.34483;     -0.40428;      0.40132;     -0.39483;0.36987;     -0.40248;0.39405;     -0.38464;0.36158;     -0.40386;0.38668;     -0.42734;0.42105;     -0.42597;0.36433;     -0.44393;0.41706;     -0.44554;0.4453;     -0.42877;0.42541
170.34483;     -0.40502;      0.40186;     -0.39564;0.37026;     -0.40321;0.39455;     -0.38562;0.362;     -0.40433;0.38715;     -0.42916;0.42159;     -0.42886;0.36458;     -0.44618;0.41753;     -0.44746;0.4459;     -0.43044;0.42587
171.34483;     -0.40646;      0.40240;     -0.39637;0.37063;     -0.40388;0.39512;     -0.38646;0.36249;     -0.40474;0.38757;     -0.43123;0.42214;     -0.43233;0.36488;     -0.44855;0.41803;     -0.44976;0.4465;     -0.43221;0.42637
172.34483;     -0.40726;      0.40299;     -0.39704;0.37107;     -0.40449;0.39571;     -0.38723;0.36295;     -0.40504;0.38798;     -0.43347;0.42278;     -0.43587;0.36515;     -0.45120;0.41858;     -0.45251;0.44709;     -0.43413;0.42687
173.34483;     -0.40860;      0.40376;     -0.39759;0.37156;     -0.40504;0.39629;     -0.38783;0.36338;     -0.40522;0.38843;     -0.43591;0.42342;     -0.43805;0.36543;     -0.45437;0.41912;     -0.45533;0.44767;     -0.43678;0.42745
174.34483;     -0.40916;      0.40435;     -0.39808;0.37205;     -0.40544;0.3969;     -0.38827;0.36381;     -0.40533;0.38883;     -0.43853;0.42411;     -0.44089;0.36577;     -0.45770;0.41969;     -0.45875;0.44822;     -0.43966;0.42823
175.34483;     -0.40991;      0.40485;     -0.39838;0.37252;     -0.40574;0.39754;     -0.38859;0.36426;     -0.40530;0.38927;     -0.44117;0.4248;     -0.44321;0.36612;     -0.46134;0.42027;     -0.46218;0.44877;     -0.44311;0.42896
176.34483;     -0.41059;      0.40526;     -0.39850;0.37296;     -0.40593;0.39788;     -0.38878;0.36468;     -0.40518;0.38973;     -0.44371;0.42545;     -0.44462;0.36652;     -0.46482;0.42082;     -0.46605;0.44932;     -0.44739;0.42969
177.34483;     -0.41055;      0.40549;     -0.39850;0.37339;     -0.40595;0.39843;     -0.38878;0.36511;     -0.40499;0.39014;     -0.44606;0.42608;     -0.44562;0.36689;     -0.46849;0.4214;     -0.47019;0.44986;     -0.45169;0.43033
178.34483;     -0.41121;      0.40561;     -0.39839;0.3738;     -0.40584;0.39895;     -0.38862;0.36553;     -0.40469;0.39054;     -0.44816;0.42666;     -0.44568;0.36729;     -0.47193;0.42194;     -0.47418;0.4504;     -0.45626;0.43078
179.34483;     -0.41083;      0.40581;     -0.39821;0.37421;     -0.40556;0.39944;     -0.38833;0.36592;     -0.40438;0.39091;     -0.44972;0.42722;     -0.44503;0.36768;     -0.47475;0.42244;     -0.47802;0.45096;     -0.46115;0.43129
180.34483;     -0.41063;      0.40639;     -0.39796;0.37459;     -0.40522;0.40017;     -0.38796;0.36633;     -0.40405;0.39129;     -0.45063;0.42773;     -0.44335;0.36804;     -0.47704;0.42293;     -0.48027;0.45152;     -0.46568;0.43174
181.34483;     -0.41005;      0.40531;     -0.39773;0.37497;     -0.40478;0.4007;     -0.38752;0.36669;     -0.40371;0.39169;     -0.45094;0.42822;     -0.44084;0.36842;     -0.47829;0.42335;     -0.48029;0.45213;     -0.46916;0.43219
182.34483;     -0.40986;      0.40734;     -0.39745;0.37537;     -0.40431;0.40128;     -0.38699;0.36708;     -0.40339;0.39208;     -0.45071;0.42868;     -0.43812;0.36877;     -0.47839;0.42378;     -0.48054;0.4527;     -0.47174;0.43263
183.34483;     -0.40891;      0.40786;     -0.39720;0.3758;     -0.40383;0.40182;     -0.38652;0.36748;     -0.40313;0.39251;     -0.44990;0.42912;     -0.43509;0.36913;     -0.47770;0.4242;     -0.47997;0.45328;     -0.47285;0.43308
184.34483;     -0.40797;      0.40856;     -0.39700;0.37625;     -0.40341;0.40236;     -0.38603;0.36783;     -0.40297;0.39293;     -0.44846;0.42955;     -0.43195;0.36953;     -0.47599;0.42464;     -0.47808;0.45383;     -0.47274;0.43359
185.34483;     -0.40726;      0.40919;     -0.39688;0.37668;     -0.40303;0.40291;     -0.38560;0.36822;     -0.40286;0.39332;     -0.44647;0.43001;     -0.42922;0.36987;     -0.47336;0.42515;     -0.47545;0.45439;     -0.47061;0.43415
186.34483;     -0.40654;      0.40968;     -0.39681;0.37709;     -0.40276;0.40339;     -0.38529;0.36857;     -0.40288;0.39372;     -0.44416;0.43047;     -0.42712;0.37016;     -0.47007;0.42564;     -0.47194;0.45497;     -0.46696;0.43482
187.34483;     -0.40623;      0.41017;     -0.39681;0.37748;     -0.40265;0.40387;     -0.38510;0.36896;     -0.40298;0.39413;     -0.44166;0.43098;     -0.42538;0.37037;     -0.46638;0.42614;     -0.46810;0.45553;     -0.46225;0.43535
188.34483;     -0.40540;      0.41049;     -0.39686;0.37786;     -0.40263;0.40435;     -0.38501;0.36937;     -0.40313;0.39456;     -0.43923;0.43149;     -0.42405;0.37053;     -0.46270;0.42661;     -0.46417;0.45607;     -0.45678;0.43578
189.34483;     -0.40528;      0.41113;     -0.39696;0.37823;     -0.40270;0.40478;     -0.38501;0.36976;     -0.40335;0.39503;     -0.43702;0.43196;     -0.42324;0.37075;     -0.45937;0.42701;     -0.46047;0.45662;     -0.45157;0.43613
190.34483;     -0.40530;      0.41154;     -0.39714;0.3786;     -0.40287;0.40498;     -0.38517;0.37021;     -0.40363;0.39552;     -0.43519;0.43243;     -0.42271;0.37092;     -0.45655;0.42741;     -0.45712;0.45719;     -0.44643;0.43647
191.34483;     -0.40558;      0.41197;     -0.39737;0.379;     -0.40306;0.40489;     -0.38538;0.37065;     -0.40395;0.39602;     -0.43381;0.43286;     -0.42237;0.37119;     -0.45456;0.42783;     -0.45449;0.45781;     -0.44264;0.43696
192.34483;     -0.40570;      0.41255;     -0.39767;0.37943;     -0.40330;0.40523;     -0.38568;0.37106;     -0.40429;0.39652;     -0.43281;0.43331;     -0.42227;0.37148;     -0.45325;0.42829;     -0.45255;0.45841;     -0.43932;0.43747
193.34483;     -0.40590;      0.41219;     -0.39802;0.37986;     -0.40358;0.40562;     -0.38606;0.37152;     -0.40466;0.397;     -0.43215;0.43379;     -0.42229;0.37178;     -0.45237;0.42879;     -0.45130;0.45898;     -0.43708;0.438
194.34483;     -0.40610;      0.41326;     -0.39834;0.3803;     -0.40388;0.40677;     -0.38643;0.37193;     -0.40505;0.39747;     -0.43175;0.4343;     -0.42247;0.37215;     -0.45182;0.42929;     -0.45044;0.45956;     -0.43600;0.43851
195.34483;     -0.40666;      0.41415;     -0.39870;0.3807;     -0.40419;0.4074;     -0.38683;0.37233;     -0.40541;0.39793;     -0.43153;0.43485;     -0.42282;0.37251;     -0.45142;0.4298;     -0.44992;0.46011;     -0.43541;0.439
196.34483;     -0.40700;      0.41480;     -0.39907;0.38111;     -0.40453;0.40801;     -0.38718;0.37274;     -0.40577;0.39835;     -0.43155;0.43538;     -0.42323;0.37289;     -0.45124;0.43034;     -0.44959;0.46072;     -0.43496;0.43946
197.34483;     -0.40716;      0.41535;     -0.39944;0.3815;     -0.40482;0.40851;     -0.38758;0.37313;     -0.40613;0.39878;     -0.43165;0.43592;     -0.42374;0.37335;     -0.45130;0.43088;     -0.44942;0.46132;     -0.43473;0.43994
198.34483;     -0.40719;      0.41580;     -0.39983;0.3819;     -0.40516;0.40902;     -0.38799;0.37352;     -0.40647;0.39922;     -0.43190;0.43647;     -0.42423;0.37373;     -0.45148;0.43143;     -0.44946;0.46192;     -0.43458;0.4404
199.34483;     -0.40774;      0.41640;     -0.40026;0.38235;     -0.40548;0.40954;     -0.38833;0.37386;     -0.40682;0.39969;     -0.43216;0.43702;     -0.42477;0.37417;     -0.45176;0.43198;     -0.44962;0.46254;     -0.43462;0.44091
200.34483;     -0.40810;      0.41673;     -0.40071;0.3828;     -0.40580;0.41007;     -0.38873;0.37424;     -0.40721;0.40017;     -0.43243;0.43762;     -0.42530;0.3746;     -0.45211;0.43256;     -0.44988;0.46309;     -0.43482;0.44142
201.34483;     -0.40873;      0.41677;     -0.40115;0.38329;     -0.40619;0.41062;     -0.38913;0.37468;     -0.40761;0.4007;     -0.43273;0.43824;     -0.42575;0.37501;     -0.45249;0.43314;     -0.45021;0.46366;     -0.43508;0.44196
202.34483;     -0.40892;      0.41751;     -0.40162;0.38377;     -0.40651;0.41117;     -0.38949;0.37516;     -0.40801;0.40124;     -0.43303;0.43887;     -0.42629;0.37551;     -0.45291;0.43372;     -0.45058;0.46421;     -0.43546;0.44253
203.34483;     -0.40896;      0.41802;     -0.40208;0.38428;     -0.40687;0.41174;     -0.38989;0.37575;     -0.40844;0.40176;     -0.43335;0.43951;     -0.42675;0.37603;     -0.45335;0.43429;     -0.45100;0.46475;     -0.43592;0.44313
204.34483;     -0.40951;      0.41862;     -0.40249;0.3848;     -0.40723;0.41235;     -0.39031;0.37634;     -0.40883;0.4023;     -0.43368;0.44012;     -0.42724;0.3766;     -0.45383;0.43488;     -0.45141;0.46538;     -0.43636;0.44374
205.34483;     -0.41003;      0.41918;     -0.40292;0.38535;     -0.40757;0.413;     -0.39068;0.37693;     -0.40925;0.40285;     -0.43401;0.44071;     -0.42776;0.37716;     -0.45431;0.43553;     -0.45187;0.46601;     -0.43686;0.44432
206.34483;     -0.41033;      0.41970;     -0.40329;0.38592;     -0.40794;0.41363;     -0.39105;0.37751;     -0.40962;0.40339;     -0.43434;0.44134;     -0.42821;0.3777;     -0.45481;0.43619;     -0.45235;0.46668;     -0.43729;0.44488
207.34483;     -0.41017;      0.42053;     -0.40364;0.38651;     -0.40826;0.41424;     -0.39144;0.37805;     -0.41004;0.40396;     -0.43466;0.44193;     -0.42876;0.37826;     -0.45534;0.43686;     -0.45278;0.46739;     -0.43759;0.44549
208.34483;     -0.41048;      0.42122;     -0.40398;0.38712;     -0.40858;0.41489;     -0.39181;0.3786;     -0.41042;0.40452;     -0.43499;0.44257;     -0.42930;0.37877;     -0.45582;0.43751;     -0.45324;0.4681;     -0.43788;0.44614
209.34483;     -0.41069;      0.42189;     -0.40428;0.38768;     -0.40877;0.41554;     -0.39215;0.37916;     -0.41073;0.40505;     -0.43532;0.44322;     -0.42986;0.37939;     -0.45635;0.43819;     -0.45363;0.46886;     -0.43820;0.44685
210.34483;     -0.41131;      0.42251;     -0.40463;0.38821;     -0.40913;0.4162;     -0.39248;0.3797;     -0.41111;0.40562;     -0.43560;0.44385;     -0.43047;0.38005;     -0.45683;0.43889;     -0.45397;0.46964;     -0.43840;0.44762
211.34483;     -0.41161;      0.42296;     -0.40500;0.38869;     -0.40945;0.41688;     -0.39285;0.38026;     -0.41144;0.4062;     -0.43589;0.44455;     -0.43106;0.38066;     -0.45732;0.43963;     -0.45433;0.47046;     -0.43861;0.44841
212.34483;     -0.41164;      0.42379;     -0.40537;0.38914;     -0.40995;0.41754;     -0.39322;0.38081;     -0.41180;0.4068;     -0.43617;0.44524;     -0.43164;0.3813;     -0.45784;0.4404;     -0.45464;0.47132;     -0.43912;0.44927
213.34483;     -0.41180;      0.42447;     -0.40579;0.38964;     -0.41055;0.41818;     -0.39360;0.38141;     -0.41219;0.40742;     -0.43642;0.44594;     -0.43218;0.38197;     -0.45831;0.44119;     -0.45498;0.47224;     -0.43923;0.45015
214.34483;     -0.41227;      0.42526;     -0.40619;0.39023;     -0.41100;0.41882;     -0.39406;0.38208;     -0.41259;0.40808;     -0.43666;0.44665;     -0.43269;0.38265;     -0.45883;0.44201;     -0.45534;0.47319;     -0.43938;0.45109
215.34483;     -0.41308;      0.42606;     -0.40656;0.39084;     -0.41147;0.41945;     -0.39449;0.38275;     -0.41299;0.40874;     -0.43691;0.44736;     -0.43316;0.38348;     -0.45935;0.44286;     -0.45571;0.47419;     -0.43960;0.45205
216.34483;     -0.41322;      0.42648;     -0.40697;0.39146;     -0.41179;0.42008;     -0.39493;0.38344;     -0.41336;0.40943;     -0.43720;0.4481;     -0.43355;0.38442;     -0.45989;0.44372;     -0.45612;0.47524;     -0.43959;0.45301
217.34483;     -0.41336;      0.42708;     -0.40739;0.3921;     -0.41213;0.42075;     -0.39538;0.38412;     -0.41374;0.41017;     -0.43746;0.44886;     -0.43397;0.38534;     -0.46044;0.44458;     -0.45649;0.47638;     -0.44000;0.45397
218.34483;     -0.41355;      0.42781;     -0.40768;0.39273;     -0.41248;0.42148;     -0.39582;0.38478;     -0.41410;0.41091;     -0.43777;0.44967;     -0.43443;0.38627;     -0.46101;0.44548;     -0.45687;0.47757;     -0.44042;0.45489
219.34483;     -0.41398;      0.42835;     -0.40823;0.39347;     -0.41285;0.42224;     -0.39626;0.38546;     -0.41442;0.41166;     -0.43808;0.45052;     -0.43487;0.38717;     -0.46152;0.44638;     -0.45723;0.47885;     -0.44085;0.45584
220.34483;     -0.41464;      0.42905;     -0.40889;0.39428;     -0.41322;0.42302;     -0.39666;0.38615;     -0.41476;0.41239;     -0.43841;0.45142;     -0.43541;0.38804;     -0.46201;0.44735;     -0.45762;0.48019;     -0.44121;0.45687
221.34483;     -0.41505;      0.42992;     -0.40951;0.39508;     -0.41358;0.42382;     -0.39710;0.38686;     -0.41510;0.41309;     -0.43877;0.45241;     -0.43598;0.38894;     -0.46250;0.44838;     -0.45806;0.48156;     -0.44164;0.45796
222.34483;     -0.41487;      0.43080;     -0.41034;0.39587;     -0.41397;0.42463;     -0.39748;0.38766;     -0.41543;0.41385;     -0.43917;0.45342;     -0.43652;0.39009;     -0.46300;0.4495;     -0.45850;0.48315;     -0.44208;0.45918
223.34483;     -0.41486;      0.43179;     -0.41074;0.39661;     -0.41437;0.42553;     -0.39783;0.38846;     -0.41581;0.41472;     -0.43954;0.45451;     -0.43714;0.39149;     -0.46348;0.45077;     -0.45895;0.48497;     -0.44251;0.46054
224.34483;     -0.41564;      0.43254;     -0.41108;0.39736;     -0.41472;0.42659;     -0.39821;0.38927;     -0.41617;0.41581;     -0.43990;0.45572;     -0.43774;0.39323;     -0.46396;0.45213;     -0.45938;0.48731;     -0.44291;0.46199
225.34483;     -0.41654;      0.43339;     -0.41145;0.39813;     -0.41508;0.42785;     -0.39861;0.3904;     -0.41656;0.41708;     -0.44025;0.45699;     -0.43833;0.39504;     -0.46443;0.45358;     -0.45978;0.49032;     -0.44330;0.46357
226.34483;     -0.41652;      0.43427;     -0.41180;0.39891;     -0.41540;0.4292;     -0.39904;0.39205;     -0.41696;0.41843;     -0.44056;0.45842;     -0.43890;0.3967;     -0.46490;0.45515;     -0.46016;0.49361;     -0.44373;0.46525
227.34483;     -0.41668;      0.43523;     -0.41213;0.39968;     -0.41569;0.43052;     -0.39945;0.39384;     -0.41732;0.41969;     -0.44085;0.45995;     -0.43943;0.39825;     -0.46537;0.45682;     -0.46050;0.49724;     -0.44414;0.46699
228.34483;     -0.41707;      0.43638;     -0.41252;0.40042;     -0.41598;0.43166;     -0.39987;0.39524;     -0.41773;0.42065;     -0.44111;0.46156;     -0.44000;0.39959;     -0.46587;0.45866;     -0.46081;0.49995;     -0.44459;0.46894
229.34483;     -0.41746;      0.43750;     -0.41290;0.40115;     -0.41626;0.43238;     -0.40028;0.39628;     -0.41808;0.42131;     -0.44138;0.46333;     -0.44050;0.40091;     -0.46642;0.46057;     -0.46113;0.50178;     -0.44505;0.47103
230.34483;     -0.41801;      0.43866;     -0.41328;0.40202;     -0.41656;0.43277;     -0.40062;0.39651;     -0.41842;0.42176;     -0.44165;0.46517;     -0.44098;0.40235;     -0.46700;0.46252;     -0.46144;0.50303;     -0.44546;0.47325
231.34483;     -0.41812;      0.43998;     -0.41372;0.40306;     -0.41683;0.43304;     -0.40095;0.39623;     -0.41879;0.42215;     -0.44192;0.46703;     -0.44150;0.40385;     -0.46753;0.46437;     -0.46183;0.50417;     -0.44589;0.47545
232.34483;     -0.41843;      0.44137;     -0.41413;0.40424;     -0.41713;0.43337;     -0.40130;0.3964;     -0.41916;0.4226;     -0.44223;0.46873;     -0.44198;0.4053;     -0.46801;0.4661;     -0.46222;0.50577;     -0.44626;0.47749
233.34483;     -0.41916;      0.44175;     -0.41455;0.40548;     -0.41744;0.43388;     -0.40162;0.39718;     -0.41952;0.42321;     -0.44254;0.47011;     -0.44248;0.40672;     -0.46850;0.46774;     -0.46258;0.5074;     -0.44666;0.47922
234.34483;     -0.41961;      0.44235;     -0.41497;0.40672;     -0.41772;0.43455;     -0.40193;0.39806;     -0.41986;0.42382;     -0.44289;0.47106;     -0.44301;0.40792;     -0.46892;0.46938;     -0.46299;0.50894;     -0.44703;0.48056
235.34483;     -0.42014;      0.44296;     -0.41538;0.40772;     -0.41804;0.43524;     -0.40226;0.39864;     -0.42020;0.42436;     -0.44323;0.47168;     -0.44355;0.40882;     -0.46940;0.47092;     -0.46332;0.51034;     -0.44738;0.48165
236.34483;     -0.42021;      0.44351;     -0.41580;0.4082;     -0.41837;0.43588;     -0.40257;0.39916;     -0.42051;0.42485;     -0.44355;0.47229;     -0.44409;0.4095;     -0.46988;0.47236;     -0.46365;0.51153;     -0.44776;0.48265
237.34483;     -0.42032;      0.44432;     -0.41622;0.40824;     -0.41871;0.43646;     -0.40291;0.39974;     -0.42082;0.42528;     -0.44389;0.47305;     -0.44461;0.41029;     -0.47035;0.47349;     -0.46400;0.51258;     -0.44816;0.48389
238.34483;     -0.42097;      0.44527;     -0.41664;0.40805;     -0.41905;0.43701;     -0.40324;0.40038;     -0.42118;0.42564;     -0.44421;0.47407;     -0.44520;0.41124;     -0.47086;0.47447;     -0.46433;0.51354;     -0.44858;0.48556
239.34483;     -0.42165;      0.44643;     -0.41706;0.4079;     -0.41936;0.43753;     -0.40365;0.40117;     -0.42153;0.42588;     -0.44454;0.47516;     -0.44580;0.41216;     -0.47137;0.47545;     -0.46465;0.51448;     -0.44899;0.48742
240.34483;     -0.42142;      0.44739;     -0.41745;0.40783;     -0.41970;0.43797;     -0.40406;0.40208;     -0.42188;0.42591;     -0.44491;0.47632;     -0.44634;0.41353;     -0.47191;0.47633;     -0.46497;0.51535;     -0.44942;0.48977
241.34483;     -0.42144;      0.44805;     -0.41785;0.40803;     -0.41999;0.43818;     -0.40442;0.40275;     -0.42226;0.42563;     -0.44524;0.47727;     -0.44687;0.41473;     -0.47243;0.47691;     -0.46531;0.51613;     -0.44981;0.49272
242.34483;     -0.42169;      0.44848;     -0.41826;0.40805;     -0.42029;0.438;     -0.40481;0.40257;     -0.42263;0.42524;     -0.44558;0.47758;     -0.44738;0.41485;     -0.47291;0.47746;     -0.46567;0.51714;     -0.45017;0.49499
243.34483;     -0.42236;      0.44813;     -0.41865;0.40755;     -0.42060;0.43756;     -0.40515;0.40188;     -0.42300;0.42482;     -0.44592;0.47693;     -0.44787;0.41392;     -0.47342;0.47771;     -0.46604;0.51757;     -0.45056;0.49559
244.34483;     -0.42282;      0.44758;     -0.41907;0.40655;     -0.42088;0.43707;     -0.40548;0.40118;     -0.42337;0.42441;     -0.44622;0.47553;     -0.44845;0.41164;     -0.47389;0.47734;     -0.46647;0.5163;     -0.45094;0.49382
245.34483;     -0.42292;      0.44674;     -0.41943;0.40551;     -0.42118;0.43677;     -0.40583;0.40064;     -0.42370;0.42404;     -0.44653;0.47369;     -0.44900;0.40856;     -0.47438;0.47467;     -0.46692;0.51342;     -0.45128;0.48993
246.34483;     -0.42300;      0.44594;     -0.41979;0.40479;     -0.42150;0.43657;     -0.40620;0.4001;     -0.42404;0.4237;     -0.44682;0.47165;     -0.44954;0.40577;     -0.47491;0.47094;     -0.46736;0.50932;     -0.45162;0.48537
247.34483;     -0.42333;      0.44527;     -0.42016;0.40479;     -0.42183;0.43637;     -0.40661;0.39937;     -0.42436;0.42342;     -0.44711;0.46952;     -0.45004;0.40276;     -0.47541;0.46681;     -0.46780;0.50546;     -0.45191;0.48087
248.34483;     -0.42380;      0.44495;     -0.42049;0.40516;     -0.42217;0.43616;     -0.40696;0.39883;     -0.42464;0.42331;     -0.44740;0.46759;     -0.45055;0.40043;     -0.47591;0.46358;     -0.46820;0.5029;     -0.45218;0.47716
249.34483;     -0.42447;      0.44513;     -0.42085;0.40536;     -0.42248;0.43617;     -0.40727;0.3988;     -0.42498;0.42339;     -0.44765;0.46616;     -0.45110;0.39836;     -0.47641;0.4613;     -0.46856;0.50122;     -0.45246;0.47455
250.34483;     -0.42436;      0.44491;     -0.42121;0.40537;     -0.42275;0.43653;     -0.40762;0.39927;     -0.42528;0.42359;     -0.44794;0.46534;     -0.45161;0.39641;     -0.47686;0.46078;     -0.46888;0.50013;     -0.45276;0.47243
251.34483;     -0.42437;      0.44526;     -0.42151;0.40562;     -0.42300;0.43697;     -0.40787;0.39962;     -0.42555;0.4239;     -0.44817;0.46504;     -0.45211;0.39527;     -0.47733;0.45895;     -0.46920;0.49917;     -0.45310;0.47058
252.34483;     -0.42482;      0.44560;     -0.42184;0.40605;     -0.42321;0.43741;     -0.40814;0.39997;     -0.42585;0.42426;     -0.44840;0.465;     -0.45261;0.39471;     -0.47781;0.45821;     -0.46956;0.49832;     -0.45343;0.4695
253.34483;     -0.42505;      0.44658;     -0.42216;0.40649;     -0.42342;0.43782;     -0.40843;0.40049;     -0.42612;0.42466;     -0.44866;0.46514;     -0.45315;0.39478;     -0.47831;0.45727;     -0.46989;0.49839;     -0.45375;0.46997
254.34483;     -0.42559;      0.44797;     -0.42249;0.40684;     -0.42366;0.43829;     -0.40867;0.40085;     -0.42639;0.4251;     -0.44892;0.46553;     -0.45374;0.39507;     -0.47884;0.45743;     -0.47026;0.49872;     -0.45410;0.47
255.34483;     -0.42541;      0.44925;     -0.42285;0.40734;     -0.42387;0.43873;     -0.40893;0.40117;     -0.42668;0.42552;     -0.44920;0.46606;     -0.45433;0.39512;     -0.47937;0.45837;     -0.47062;0.49905;     -0.45443;0.47051
256.34483;     -0.42527;      0.44987;     -0.42323;0.40796;     -0.42411;0.43913;     -0.40917;0.4015;     -0.42699;0.426;     -0.44947;0.4665;     -0.45496;0.39563;     -0.47988;0.45873;     -0.47095;0.49932;     -0.45477;0.47076
257.34483;     -0.42556;      0.44960;     -0.42364;0.40851;     -0.42436;0.43954;     -0.40947;0.40188;     -0.42731;0.42649;     -0.44975;0.46692;     -0.45558;0.39581;     -0.48040;0.45892;     -0.47132;0.49979;     -0.45513;0.47096
258.34483;     -0.42619;      0.44879;     -0.42407;0.40901;     -0.42465;0.44001;     -0.40982;0.40225;     -0.42764;0.42699;     -0.45005;0.46751;     -0.45613;0.39583;     -0.48091;0.45928;     -0.47168;0.50063;     -0.45549;0.47151
259.34483;     -0.42694;      0.44813;     -0.42452;0.40949;     -0.42499;0.44058;     -0.41017;0.40258;     -0.42805;0.42752;     -0.45034;0.4681;     -0.45681;0.39605;     -0.48143;0.4598;     -0.47206;0.50136;     -0.45588;0.4722
260.34483;     -0.42665;      0.44811;     -0.42497;0.40995;     -0.42534;0.44115;     -0.41062;0.40295;     -0.42843;0.428;     -0.45072;0.46871;     -0.45746;0.39635;     -0.48194;0.46028;     -0.47248;0.50205;     -0.45622;0.47283
261.34483;     -0.42696;      0.44897;     -0.42542;0.41042;     -0.42577;0.44171;     -0.41110;0.40332;     -0.42886;0.42849;     -0.45112;0.46928;     -0.45811;0.39676;     -0.48246;0.46073;     -0.47286;0.50286;     -0.45657;0.47331
262.34483;     -0.42750;      0.45010;     -0.42585;0.4109;     -0.42615;0.44229;     -0.41157;0.40366;     -0.42932;0.42898;     -0.45154;0.46988;     -0.45880;0.39718;     -0.48295;0.46134;     -0.47324;0.50366;     -0.45690;0.47389
263.34483;     -0.42794;      0.45110;     -0.42628;0.41137;     -0.42653;0.44286;     -0.41210;0.40401;     -0.42975;0.42947;     -0.45199;0.47043;     -0.45940;0.39752;     -0.48341;0.46196;     -0.47360;0.5044;     -0.45719;0.47454
264.34483;     -0.42881;      0.45180;     -0.42666;0.41186;     -0.42690;0.44346;     -0.41261;0.40439;     -0.43020;0.42998;     -0.45235;0.47099;     -0.46002;0.39783;     -0.48390;0.46257;     -0.47389;0.50509;     -0.45752;0.47524
265.34483;     -0.42871;      0.45191;     -0.42706;0.41237;     -0.42722;0.44403;     -0.41303;0.4048;     -0.43060;0.43045;     -0.45270;0.47156;     -0.46058;0.39811;     -0.48437;0.46313;     -0.47421;0.50574;     -0.45785;0.47587
266.34483;     -0.42869;      0.45178;     -0.42744;0.41285;     -0.42749;0.44456;     -0.41339;0.40526;     -0.43093;0.43096;     -0.45295;0.47209;     -0.46114;0.39844;     -0.48488;0.46369;     -0.47445;0.50638;     -0.45819;0.47648
267.34483;     -0.42914;      0.45236;     -0.42778;0.41332;     -0.42771;0.44505;     -0.41365;0.40576;     -0.43124;0.43145;     -0.45311;0.47265;     -0.46169;0.39877;     -0.48543;0.46424;     -0.47461;0.50698;     -0.45856;0.47712
268.34483;     -0.42959;      0.45337;     -0.42814;0.41378;     -0.42789;0.44554;     -0.41390;0.40629;     -0.43146;0.43192;     -0.45328;0.4732;     -0.46217;0.39906;     -0.48593;0.46474;     -0.47477;0.5076;     -0.45891;0.47781
269.34483;     -0.42988;      0.45491;     -0.42842;0.41427;     -0.42805;0.44602;     -0.41409;0.40685;     -0.43166;0.43245;     -0.45340;0.47377;     -0.46271;0.39945;     -0.48642;0.4652;     -0.47481;0.50823;     -0.45922;0.47858
270.34483;     -0.42968;      0.45576;     -0.42925;0.41479;     -0.42917;0.44651;     -0.41534;0.40739;     -0.43250;0.43295;     -0.45368;0.47438;     -0.46324;0.39977;     -0.48689;0.46568;     -0.47484;0.50892;     -0.45957;0.47928
271.34483;     -0.43157;      0.45590;     -0.43115;0.41533;     -0.43063;0.447;     -0.41641;0.40795;     -0.43401;0.43345;     -0.45569;0.47501;     -0.46555;0.40013;     -0.48951;0.46614;     -0.47693;0.50965;     -0.46179;0.47999
272.34483;     -0.43195;      0.45604;     -0.43184;0.41592;     -0.43102;0.4475;     -0.41675;0.40847;     -0.43469;0.43398;     -0.45677;0.47569;     -0.46666;0.40046;     -0.49016;0.46663;     -0.47751;0.51039;     -0.46230;0.48067
273.34483;     -0.43235;      0.45656;     -0.43270;0.41653;     -0.43079;0.44807;     -0.41753;0.40902;     -0.43526;0.4345;     -0.45668;0.47637;     -0.46786;0.40075;     -0.49082;0.46706;     -0.47841;0.51116;     -0.46283;0.48141
274.34483;     -0.43365;      0.45762;     -0.43311;0.41717;     -0.43189;0.44868;     -0.41861;0.40956;     -0.43597;0.43501;     -0.45733;0.47705;     -0.46967;0.40113;     -0.49233;0.46744;     -0.47890;0.5119;     -0.46379;0.48212
